{"stats":{"minecraft:killed":{"born_in_chaos_v1:mr_pumpkin":2,"minecraft:spider":8,"born_in_chaos_v1:siamese_skeletonsright":1,"born_in_chaos_v1:baby_skeleton_minion":2,"minecraft:skeleton":8,"minecraft:chicken":4,"minecraft:pig":5,"born_in_chaos_v1:diamond_termite":1,"minecraft:salmon":17,"minecraft:sheep":13,"minecraft:pillager":2,"minecraft:zombie":35,"born_in_chaos_v1:dread_hound":7,"alexsmobs:terrapin":2,"born_in_chaos_v1:corpse_fly":9,"endofherobrine:cow":1,"born_in_chaos_v1:siamese_skeletonsleft":1,"minecraft:cow":5,"born_in_chaos_v1:thornshell_crab":1,"born_in_chaos_v1:zombie_bruiser":3,"born_in_chaos_v1:maggot":14,"minecraft:horse":3,"born_in_chaos_v1:dire_hound_leader":1,"born_in_chaos_v1:corpse_fish":5,"born_in_chaos_v1:barrel_zombie":1,"born_in_chaos_v1:bone_imp_minion":2,"born_in_chaos_v1:spirit_guide_assistant":1,"minecraft:wandering_trader":1,"minecraft:squid":1,"born_in_chaos_v1:decrepit_skeleton":4,"alexsmobs:catfish":1,"born_in_chaos_v1:nightmare_stalker":2,"endofherobrine:sheep":2},"minecraft:mined":{"minecraft:white_bed":10,"quark:orange_blossom_leaves":63,"minecraft:pink_bed":3,"quark:cherry_chest":1,"minecraft:cobblestone_stairs":1,"minecraft:jungle_leaves":15,"minecraft:granite":17,"minecraft:acacia_log":18,"minecraft:grass_block":27,"minecraft:jungle_log":49,"minecraft:oxeye_daisy":1,"minecraft:spawner":7,"minecraft:magma_block":2,"minecraft:glowstone":1,"minecraft:iron_ore":91,"minecraft:barrel":2,"minecraft:fire":2,"minecraft:cobbled_deepslate":1,"minecraft:deepslate_lapis_ore":7,"minecraft:brown_bed":1,"minecraft:cave_vines":3,"minecraft:oak_stairs":33,"minecraft:spruce_slab":3,"minecraft:deepslate_redstone_ore":10,"minecraft:red_bed":1,"minecraft:smoker":7,"minecraft:clay":62,"minecraft:torch":5,"minecraft:calcite":2,"minecraft:melon":4,"minecraft:poppy":6,"quark:blossom_log":10,"supplementaries:wild_flax":9,"minecraft:cobblestone":102,"minecraft:oak_planks":56,"minecraft:sugar_cane":7,"minecraft:wall_torch":8,"minecraft:amethyst_block":4,"minecraft:seagrass":2,"minecraft:chain":1,"minecraft:birch_log":5,"minecraft:wheat":52,"born_in_chaos_v1:river_mint":2,"minecraft:black_bed":1,"minecraft:grass":135,"butchersdelight:hook":1,"minecraft:oak_log":152,"minecraft:sand":123,"minecraft:dirt":48,"minecraft:mangrove_log":2,"minecraft:smooth_basalt":2,"minecraft:netherrack":6,"minecraft:oak_leaves":46,"minecraft:deepslate":105,"minecraft:tuff":3,"minecraft:deepslate_diamond_ore":3,"born_in_chaos_v1:nightmare_stalker_skull":2,"born_in_chaos_v1:infected_diamond_ore":1,"minecraft:glow_lichen":1,"minecraft:jungle_planks":13,"born_in_chaos_v1:black_argillite":1,"travelersbackpack:white_sleeping_bag":3,"minecraft:moss_block":3,"born_in_chaos_v1:gnawed_bones":4,"minecraft:furnace":10,"minecraft:carrots":7,"minecraft:andesite":25,"treechop:chopped_log":6,"minecraft:peony":14,"minecraft:big_dripleaf_stem":1,"minecraft:cobblestone_slab":8,"minecraft:deepslate_iron_ore":18,"minecraft:vine":10,"minecraft:lantern":1,"butchersdelight:skullcow":1,"minecraft:bamboo":3,"minecraft:stone":650,"minecraft:oak_slab":2,"minecraft:acacia_leaves":3,"minecraft:flowering_azalea":6,"born_in_chaos_v1:marigolds":1,"minecraft:dandelion":4,"minecraft:oak_fence":40,"minecraft:crafting_table":6,"minecraft:cornflower":2,"supplementaries:item_shelf":4,"minecraft:copper_ore":43,"minecraft:tall_grass":16,"minecraft:lapis_ore":6,"minecraft:deepslate_gold_ore":13,"minecraft:diorite":61,"minecraft:big_dripleaf":5,"travelersbackpack:hay":3,"supplementaries:urn":17,"minecraft:birch_planks":2,"minecraft:acacia_fence_gate":1,"minecraft:birch_leaves":4,"minecraft:jungle_fence":8,"quark:deepslate_furnace":2,"minecraft:coal_ore":296,"minecraft:gravel":3,"minecraft:spruce_fence_gate":1,"minecraft:gold_ore":9,"minecraft:birch_fence":1,"minecraft:fern":2},"minecraft:dropped":{"minecraft:iron_sword":1,"minecraft:cooked_beef":9,"minecraft:oak_log":2,"minecraft:glass_bottle":4,"minecraft:leather":1,"minecraft:cod":1,"born_in_chaos_v1:monster_skin":12,"minecraft:iron_pickaxe":1,"minecraft:bone":21,"minecraft:cooked_chicken":2,"minecraft:cobbled_deepslate":1,"minecraft:rotten_flesh":6,"born_in_chaos_v1:smoked_flesh":50,"minecraft:cooked_mutton":5,"minecraft:honey_bottle":1,"born_in_chaos_v1:seedof_chaos":1,"minecraft:jungle_log":19,"improvableskills:scroll_normal":2,"minecraft:arrow":2,"minecraft:egg":4,"minecraft:iron_ingot":11,"minecraft:bread":15,"minecraft:tnt":1,"minecraft:cobblestone":59,"minecraft:torch":26,"minecraft:melon_slice":19,"minecraft:cooked_salmon":4,"minecraft:iron_leggings":1,"minecraft:iron_axe":2,"born_in_chaos_v1:nightmare_scythe":1,"minecraft:stone_sword":1,"born_in_chaos_v1:smoked_monster_flesh":18,"minecraft:potato":8,"minecraft:peony":1,"minecraft:wooden_shovel":1,"born_in_chaos_v1:bloody_gadfly_eye":1,"born_in_chaos_v1:nightmare_mantleofthe_night_helmet":1,"minecraft:wooden_pickaxe":1},"minecraft:picked_up":{"minecraft:seagrass":2,"minecraft:iron_chestplate":8,"minecraft:wheat":97,"minecraft:oak_stairs":34,"minecraft:brown_bed":1,"minecraft:turtle_egg":1,"born_in_chaos_v1:bloody_gadfly_eye":1,"minecraft:amethyst_block":4,"born_in_chaos_v1:black_argillite":1,"minecraft:music_disc_cat":2,"minecraft:string":35,"minecraft:raw_copper":143,"minecraft:cooked_salmon":18,"minecraft:iron_leggings":11,"minecraft:pufferfish":3,"butchersdelight:cleaver":1,"minecraft:gold_nugget":14,"minecraft:cobbled_deepslate":99,"minecraft:bucket":6,"born_in_chaos_v1:nightmare_mantleofthe_night_helmet":1,"minecraft:acacia_fence_gate":1,"minecraft:cobblestone_slab":10,"minecraft:azalea":2,"minecraft:wooden_shovel":3,"minecraft:iron_pickaxe":10,"minecraft:melon_slice":19,"minecraft:mangrove_log":2,"minecraft:iron_boots":10,"minecraft:furnace":11,"minecraft:stick":188,"born_in_chaos_v1:shattered_skull":2,"minecraft:big_dripleaf":31,"minecraft:oak_fence":109,"quark:cherry_chest":1,"minecraft:torch":176,"minecraft:acacia_log":21,"minecraft:porkchop":52,"quark:blossom_log":10,"minecraft:cherry_log":4,"minecraft:pointed_dripstone":2,"minecraft:diorite":122,"born_in_chaos_v1:nightmare_claw":3,"minecraft:bamboo_block":1,"minecraft:stone_sword":5,"minecraft:honey_bottle":1,"minecraft:rotten_flesh":114,"bettercopper:copper_pickaxe":2,"alexsmobs:emu_egg":1,"supplementaries:ash":81,"bettercopper:copper_shovel":1,"minecraft:cod":2,"minecraft:cobblestone":1123,"minecraft:nautilus_shell":1,"minecraft:birch_log":15,"minecraft:magma_block":2,"minecraft:feather":13,"minecraft:cooked_beef":3,"minecraft:jungle_log":48,"born_in_chaos_v1:spiritual_dust":2,"minecraft:water_bucket":1,"minecraft:andesite":30,"minecraft:black_bed":1,"minecraft:golden_leggings":1,"minecraft:smoker":7,"supplementaries:item_shelf":4,"butchersdelight:deadpig":20,"minecraft:tuff":1,"supplementaries:flax_seeds":13,"minecraft:horn_coral":2,"butchersdelight:goat_fur":1,"minecraft:lapis_lazuli":85,"minecraft:dirt":287,"minecraft:lantern":4,"born_in_chaos_v1:nightmare_stalker_skull":4,"born_in_chaos_v1:monster_skin":16,"born_in_chaos_v1:marigolds":1,"minecraft:glass":2,"minecraft:bone":167,"minecraft:acacia_planks":3,"minecraft:bow":5,"minecraft:wheat_seeds":230,"minecraft:raw_gold":19,"minecraft:glowstone_dust":2,"minecraft:bamboo":31,"minecraft:moss_block":3,"minecraft:oak_planks":394,"minecraft:honeycomb":3,"born_in_chaos_v1:mint_candy":3,"minecraft:cooked_porkchop":16,"minecraft:poisonous_potato":3,"butchersdelight:skullcow":3,"butchersdelight:cow_hide":2,"minecraft:sand":156,"minecraft:jungle_planks":12,"minecraft:ink_sac":3,"farmersdelight:ham":9,"minecraft:dark_oak_log":3,"minecraft:barrel":4,"travelersbackpack:white_sleeping_bag":2,"minecraft:spruce_fence_gate":1,"minecraft:diamond":4,"born_in_chaos_v1:nightmare_scythe":1,"minecraft:granite":34,"minecraft:bone_meal":25,"minecraft:emerald":9,"butchersdelight:deadllama":2,"minecraft:bread":8,"alexsmobs:maggot":2,"minecraft:oak_sapling":48,"butchersdelight:hook":1,"born_in_chaos_v1:rotten_fish":17,"minecraft:netherrack":8,"minecraft:fishing_rod":1,"minecraft:crafting_table":8,"born_in_chaos_v1:diamond_termite_shard":2,"born_in_chaos_v1:river_mint":11,"travelersbackpack:hay":4,"minecraft:chicken":9,"born_in_chaos_v1:smoked_monster_flesh":5,"minecraft:ladder":1,"minecraft:clay_ball":278,"born_in_chaos_v1:seedof_chaos":1,"minecraft:wooden_pickaxe":1,"minecraft:chain":2,"minecraft:shield":10,"minecraft:cornflower":1,"minecraft:red_bed":1,"minecraft:moss_carpet":8,"minecraft:iron_axe":4,"minecraft:flint_and_steel":1,"born_in_chaos_v1:intoxicating_decoction":2,"minecraft:item_frame":2,"minecraft:birch_fence":1,"born_in_chaos_v1:smoked_fish":9,"butchersdelight:dead_cow":7,"improvableskills:scroll_normal":2,"minecraft:beef":19,"minecraft:oak_boat":8,"born_in_chaos_v1:gnawed_bones":9,"minecraft:jungle_sapling":1,"minecraft:iron_nugget":44,"minecraft:poppy":6,"minecraft:light_gray_wool":1,"minecraft:spruce_slab":5,"minecraft:sugar_cane":17,"minecraft:birch_sapling":5,"minecraft:phantom_membrane":1,"minecraft:egg":18,"minecraft:raw_iron":140,"minecraft:copper_ingot":25,"quark:deepslate_furnace":3,"born_in_chaos_v1:pieceofdarkmetal":1,"minecraft:carrot":23,"minecraft:redstone":54,"minecraft:tnt":1,"minecraft:arrow":33,"butchersdelight:deadsheep":5,"minecraft:stone_shovel":3,"minecraft:peony":21,"born_in_chaos_v1:spiny_shell":7,"minecraft:gold_ingot":2,"bettercopper:copper_sword":2,"minecraft:glow_berries":12,"minecraft:mutton":46,"minecraft:white_wool":27,"born_in_chaos_v1:fused_bone":8,"born_in_chaos_v1:corpse_maggot":34,"born_in_chaos_v1:monster_flesh":21,"minecraft:tripwire_hook":3,"minecraft:salmon":16,"minecraft:leather":37,"minecraft:jungle_fence":8,"minecraft:birch_planks":2,"minecraft:oak_log":344,"minecraft:lily_pad":1,"minecraft:gunpowder":16,"minecraft:cobblestone_stairs":1,"minecraft:paper":4,"minecraft:white_banner":1,"bettercopper:copper_axe":2,"butchersdelight:deadchiken":8,"minecraft:apple":6,"minecraft:kelp":4,"born_in_chaos_v1:smoked_flesh":213,"minecraft:iron_ingot":18,"minecraft:stone_pickaxe":12,"minecraft:cooked_chicken":9,"minecraft:glass_bottle":4,"minecraft:iron_sword":1,"minecraft:flowering_azalea":16,"minecraft:oak_slab":3,"minecraft:pink_bed":3,"minecraft:smooth_basalt":2,"born_in_chaos_v1:ethereal_spirit":4,"minecraft:dandelion":4,"minecraft:gravel":4,"minecraft:white_bed":10,"minecraft:spider_eye":2,"alexsmobs:raw_catfish":4,"butchersdelight:sheephide":5,"minecraft:pumpkin_seeds":3,"minecraft:stone_axe":3,"minecraft:iron_helmet":9,"minecraft:coal":792},"minecraft:custom":{"minecraft:interact_with_crafting_table":167,"minecraft:open_barrel":71,"minecraft:leave_game":26,"minecraft:time_since_death":125980,"minecraft:sprint_one_cm":1061481,"minecraft:damage_blocked_by_shield":2765,"minecraft:drop":53,"minecraft:talked_to_villager":2,"minecraft:play_time":745857,"minecraft:deaths":13,"minecraft:jump":9740,"minecraft:walk_on_water_one_cm":275112,"minecraft:enchant_item":4,"minecraft:interact_with_furnace":102,"minecraft:interact_with_cartography_table":3,"minecraft:sleep_in_bed":21,"minecraft:damage_dealt":29585,"minecraft:crouch_one_cm":43268,"minecraft:interact_with_smoker":168,"minecraft:horse_one_cm":3328,"minecraft:interact_with_smithing_table":3,"minecraft:interact_with_anvil":1,"minecraft:mob_kills":171,"minecraft:damage_dealt_resisted":2096,"minecraft:climb_one_cm":15142,"minecraft:walk_one_cm":2052998,"minecraft:sneak_time":18647,"minecraft:walk_under_water_one_cm":151128,"minecraft:boat_one_cm":670982,"minecraft:interact_with_blast_furnace":43,"minecraft:total_world_time":745857,"minecraft:time_since_rest":35606,"minecraft:damage_taken":10165,"minecraft:swim_one_cm":126568,"minecraft:fly_one_cm":1020794,"minecraft:open_chest":306,"minecraft:fall_one_cm":214208},"minecraft:killed_by":{"born_in_chaos_v1:mr_pumpkin":1,"minecraft:warden":1},"minecraft:used":{"minecraft:peony":3,"minecraft:moss_block":3,"minecraft:moss_carpet":4,"minecraft:spruce_slab":5,"minecraft:ladder":3,"minecraft:poppy":2,"minecraft:shield":321,"butchersdelight:hook":5,"minecraft:iron_sword":28,"minecraft:rotten_flesh":1,"minecraft:iron_chestplate":3,"quark:cherry_chest":2,"travelersbackpack:hay":3,"minecraft:jungle_planks":17,"minecraft:carrot":28,"minecraft:tuff":1,"minecraft:big_dripleaf":27,"minecraft:glass":7,"born_in_chaos_v1:corpse_maggot":11,"born_in_chaos_v1:smoked_flesh":94,"minecraft:lava_bucket":7,"born_in_chaos_v1:mint_candy":2,"quark:deepslate_furnace":3,"minecraft:birch_sapling":1,"minecraft:lantern":4,"minecraft:iron_helmet":3,"born_in_chaos_v1:gnawed_bones":6,"minecraft:item_frame":2,"born_in_chaos_v1:nightmare_stalker_skull":3,"minecraft:magma_block":1,"minecraft:oak_sapling":46,"minecraft:furnace":13,"minecraft:egg":10,"minecraft:oak_planks":212,"minecraft:stone_pickaxe":397,"minecraft:jungle_fence":28,"minecraft:wooden_pickaxe":14,"minecraft:clay":11,"minecraft:sugar_cane":13,"minecraft:blue_bed":1,"minecraft:jungle_boat":1,"butchersdelight:skullcow":3,"minecraft:glow_berries":14,"minecraft:sand":44,"bettercopper:copper_pickaxe":511,"minecraft:black_bed":2,"minecraft:shears":9,"quark:blossom_boat":1,"minecraft:birch_fence":7,"born_in_chaos_v1:monster_flesh":1,"minecraft:bread":15,"born_in_chaos_v1:marigolds":2,"born_in_chaos_v1:smoked_monster_flesh":4,"born_in_chaos_v1:rotten_fish":2,"born_in_chaos_v1:river_mint":5,"minecraft:andesite":7,"minecraft:oak_boat":14,"minecraft:bone_meal":37,"minecraft:oak_fence":98,"minecraft:stone_sword":396,"minecraft:acacia_log":4,"minecraft:flint_and_steel":3,"minecraft:stone_shovel":117,"quark:jungle_chest":2,"born_in_chaos_v1:smoked_fish":11,"minecraft:iron_ingot":1,"minecraft:cooked_salmon":17,"minecraft:wooden_shovel":9,"minecraft:stone_hoe":23,"minecraft:cooked_chicken":9,"minecraft:netherrack":8,"minecraft:torch":157,"minecraft:dirt":132,"supplementaries:item_shelf":14,"minecraft:oak_fence_gate":1,"minecraft:dark_oak_planks":4,"bettercopper:copper_sword":160,"minecraft:iron_axe":204,"minecraft:oak_stairs":129,"minecraft:jungle_log":4,"minecraft:iron_boots":2,"minecraft:barrel":8,"minecraft:smooth_basalt":2,"minecraft:cooked_beef":1,"minecraft:cobbled_deepslate":63,"minecraft:acacia_planks":21,"minecraft:pointed_dripstone":1,"minecraft:iron_leggings":3,"minecraft:brown_bed":2,"minecraft:water_bucket":16,"minecraft:wheat_seeds":128,"minecraft:cooked_mutton":8,"minecraft:acacia_boat":1,"minecraft:chiseled_bookshelf":2,"bettercopper:copper_axe":100,"minecraft:amethyst_block":4,"minecraft:cobblestone_stairs":19,"minecraft:birch_planks":22,"minecraft:glass_bottle":1,"minecraft:cobblestone_slab":57,"minecraft:salmon":2,"minecraft:music_disc_cat":1,"minecraft:crafting_table":15,"minecraft:oak_slab":26,"minecraft:red_bed":1,"supplementaries:bomb":5,"bettercopper:copper_shovel":76,"minecraft:white_bed":8,"minecraft:campfire":1,"minecraft:smoker":9,"minecraft:oak_log":4,"minecraft:paper":1,"minecraft:cornflower":2,"minecraft:iron_pickaxe":688,"travelersbackpack:white_sleeping_bag":3,"minecraft:acacia_fence_gate":2,"minecraft:stone_axe":444,"minecraft:pink_bed":4,"minecraft:cobblestone":327,"travelersbackpack:standard":6,"minecraft:porkchop":3,"minecraft:white_banner":1,"minecraft:cooked_porkchop":12,"minecraft:bucket":31,"quark:oak_chest":16,"alexsmobs:animal_dictionary":1,"minecraft:dandelion":2,"minecraft:kelp":1,"butchersdelight:rack":1,"minecraft:diamond_leggings":2},"minecraft:crafted":{"minecraft:brick":4,"minecraft:black_dye":1,"minecraft:oak_planks":616,"minecraft:cobblestone_slab":48,"minecraft:barrel":7,"minecraft:pink_bed":1,"minecraft:cooked_chicken":6,"minecraft:cobblestone_stairs":20,"travelersbackpack:pink_sleeping_bag":1,"quark:cherry_chest":1,"quark:deepslate_furnace":1,"minecraft:cooked_mutton":30,"butchersdelight:rack":1,"minecraft:glass":54,"minecraft:iron_boots":3,"improvableskills:skills_book":1,"minecraft:stone_hoe":1,"minecraft:oak_fence":63,"minecraft:smoker":3,"minecraft:glass_bottle":9,"minecraft:oak_slab":78,"minecraft:item_frame":1,"minecraft:wooden_shovel":1,"quark:blossom_planks":16,"born_in_chaos_v1:smoked_fish":2,"minecraft:cooked_porkchop":45,"minecraft:crafting_table":11,"minecraft:jungle_boat":1,"travelersbackpack:standard":2,"minecraft:wooden_pickaxe":1,"minecraft:iron_helmet":3,"minecraft:copper_ingot":35,"farmersdelight:smoked_ham":9,"butchersdelight:cleaver":1,"minecraft:birch_planks":40,"minecraft:campfire":1,"minecraft:iron_chestplate":3,"minecraft:charcoal":1,"minecraft:shield":2,"minecraft:birch_fence":9,"minecraft:stick":120,"quark:oak_chest":17,"born_in_chaos_v1:smoked_flesh":310,"minecraft:iron_ingot":152,"minecraft:iron_pickaxe":3,"minecraft:stone_sword":2,"bettercopper:copper_shovel":1,"minecraft:gold_ingot":16,"minecraft:black_bed":1,"bettercopper:copper_axe":1,"minecraft:shears":1,"minecraft:cherry_planks":8,"minecraft:stone_shovel":1,"minecraft:iron_nugget":54,"quark:jungle_chest":2,"minecraft:furnace":6,"minecraft:acacia_fence_gate":1,"minecraft:bone_meal":21,"minecraft:pink_dye":4,"born_in_chaos_v1:smoked_monster_flesh":18,"minecraft:raw_copper_block":12,"bettercopper:copper_sword":1,"minecraft:lantern":3,"travelersbackpack:white_sleeping_bag":2,"minecraft:iron_axe":1,"minecraft:ladder":4,"minecraft:stone_pickaxe":2,"minecraft:chiseled_bookshelf":2,"bettercopper:copper_pickaxe":3,"minecraft:jungle_fence":21,"minecraft:dark_oak_planks":4,"minecraft:cooked_beef":10,"minecraft:red_dye":2,"minecraft:cooked_cod":3,"supplementaries:item_shelf":10,"butchersdelight:hook":4,"travelersbackpack:backpack_tank":4,"minecraft:iron_sword":1,"minecraft:red_bed":1,"minecraft:blue_bed":1,"minecraft:cooked_salmon":14,"minecraft:mangrove_planks":8,"minecraft:bucket":2,"bettercopper:copper_hoe":1,"minecraft:stone_axe":5,"quark:blossom_boat":1,"minecraft:jungle_planks":100,"minecraft:acacia_boat":1,"minecraft:bread":27,"minecraft:air":0,"minecraft:blue_dye":1,"minecraft:oak_fence_gate":1,"minecraft:oak_boat":7,"minecraft:white_dye":1,"minecraft:oak_stairs":96,"minecraft:iron_leggings":2,"minecraft:white_bed":1,"minecraft:acacia_planks":32,"minecraft:torch":256,"minecraft:clay":59},"minecraft:broken":{"minecraft:iron_chestplate":1,"minecraft:stone_pickaxe":3,"minecraft:stone_axe":3,"bettercopper:copper_pickaxe":2,"minecraft:stone_sword":1,"minecraft:iron_pickaxe":2,"minecraft:iron_helmet":1}},"DataVersion":3465}