{"stats":{"minecraft:killed":{"minecraft:cave_spider":6,"born_in_chaos_v1:mr_pumpkin":10,"born_in_chaos_v1:skeleton_demoman":1,"born_in_chaos_v1:restless_spirit":14,"born_in_chaos_v1:zombie_lumberjack":15,"born_in_chaos_v1:door_knight_not_despawn":1,"born_in_chaos_v1:sir_the_headless":1,"born_in_chaos_v1:siamese_skeletonsright":10,"born_in_chaos_v1:baby_skeleton_minion":9,"minecraft:skeleton":104,"alexsmobs:leafcutter_ant":7,"minecraft:chicken":9,"born_in_chaos_v1:skeleton_thrasher":5,"minecraft:salmon":29,"minecraft:pillager":5,"minecraft:zombie":167,"born_in_chaos_v1:corpse_fly":62,"endofherobrine:chicken":1,"born_in_chaos_v1:door_knight":4,"endofherobrine:pigman":2,"minecraft:cow":5,"quark:toretoise":3,"born_in_chaos_v1:skeleton_thrasher_not_despawn":1,"born_in_chaos_v1:thornshell_crab":3,"minecraft:horse":1,"born_in_chaos_v1:dire_hound_leader":1,"born_in_chaos_v1:barrel_zombie":10,"born_in_chaos_v1:spiritof_chaos":2,"born_in_chaos_v1:spirit_guide":1,"born_in_chaos_v1:bone_imp_minion":40,"born_in_chaos_v1:decrepit_skeleton":38,"alexsmobs:catfish":1,"born_in_chaos_v1:bloody_gadfly":6,"born_in_chaos_v1:dark_vortex":5,"born_in_chaos_v1:controlled_baby_skeleton":6,"minecraft:enderman":3,"born_in_chaos_v1:lifestealer_true_form":4,"born_in_chaos_v1:zombie_clown":4,"endofherobrine:silverfish":1,"endofherobrine:pig":2,"minecraft:witch":7,"minecraft:spider":52,"born_in_chaos_v1:scarlet_persecutor":15,"quark:forgotten":3,"minecraft:silverfish":1,"born_in_chaos_v1:bonescaller":4,"minecraft:pig":8,"minecraft:zombie_villager":12,"born_in_chaos_v1:diamond_termite":23,"minecraft:creeper":40,"minecraft:sheep":4,"born_in_chaos_v1:dread_hound":39,"alexsmobs:terrapin":1,"minecraft:stray":2,"alexsmobs:fly":1,"endofherobrine:cow":3,"alexsmobs:komodo_dragon":2,"born_in_chaos_v1:siamese_skeletonsleft":10,"born_in_chaos_v1:missioner":4,"born_in_chaos_v1:zombie_bruiser":13,"born_in_chaos_v1:maggot":86,"minecraft:phantom":8,"minecraft:drowned":13,"born_in_chaos_v1:corpse_fish":28,"born_in_chaos_v1:mr_pumpkin_controlled":1,"born_in_chaos_v1:siamese_skeletons":1,"born_in_chaos_v1:fallen_chaos_knight":8,"born_in_chaos_v1:baby_skeleton":16,"born_in_chaos_v1:swarmer":1,"quark:foxhound":1,"born_in_chaos_v1:spirit_guide_assistant":4,"born_in_chaos_v1:phantom_creeper_copy":2,"born_in_chaos_v1:decaying_zombie":3,"alexsmobs:cockroach":2,"born_in_chaos_v1:bonescaller_not_despawn":1,"born_in_chaos_v1:nightmare_stalker":7,"endofherobrine:sheep":47},"minecraft:mined":{"minecraft:white_bed":1,"minecraft:jungle_leaves":73,"minecraft:carved_pumpkin":5,"minecraft:obsidian":5,"minecraft:granite":3,"born_in_chaos_v1:dark_metal_deposit":1,"minecraft:jungle_log":114,"minecraft:deepslate_bricks":3,"minecraft:bamboo_block":20,"minecraft:tall_seagrass":6,"minecraft:magma_block":1,"minecraft:fire":4,"minecraft:pumpkin":6,"minecraft:deepslate_lapis_ore":1,"minecraft:sculk_shrieker":21,"minecraft:water_cauldron":1,"minecraft:dirt_path":1,"minecraft:stripped_bamboo_block":7,"minecraft:tripwire":17,"minecraft:jungle_trapdoor":1,"born_in_chaos_v1:infected_deepslate_diamond_ore":6,"minecraft:torch":4,"minecraft:melon":37,"quark:blossom_log":4,"minecraft:sugar_cane":28,"minecraft:amethyst_block":6,"minecraft:chain":2,"minecraft:bamboo_planks":57,"minecraft:wheat":2,"minecraft:grass":523,"minecraft:smooth_basalt":2,"born_in_chaos_v1:infernal_evil_pumpkin_s":2,"minecraft:deepslate":80,"minecraft:deepslate_tiles":5,"minecraft:mossy_cobblestone":4,"minecraft:dark_oak_log":1,"minecraft:jungle_planks":81,"born_in_chaos_v1:black_argillite":1,"minecraft:cartography_table":1,"minecraft:moss_block":2,"minecraft:jungle_sapling":3,"minecraft:andesite":37,"minecraft:vine":42,"minecraft:bamboo_sapling":2,"minecraft:bamboo":62,"minecraft:bone_block":2,"minecraft:white_wool":2,"quark:oak_chest":1,"endofherobrine:glowing_obsidian":1,"minecraft:tall_grass":51,"minecraft:cracked_deepslate_bricks":3,"minecraft:diorite":4,"minecraft:spruce_log":4,"minecraft:birch_leaves":4,"minecraft:jungle_fence":13,"minecraft:gravel":6,"minecraft:cobweb":22,"minecraft:acacia_planks":1,"minecraft:fern":96,"minecraft:jungle_slab":30,"minecraft:sculk_vein":43,"minecraft:brewing_stand":1,"travelersbackpack:sponge":1,"minecraft:grass_block":66,"minecraft:infested_cobblestone":1,"minecraft:raw_iron_block":1,"minecraft:sculk_catalyst":7,"minecraft:iron_ore":154,"minecraft:pointed_dripstone":1,"minecraft:azalea":1,"travelersbackpack:skeleton":6,"minecraft:jungle_stairs":27,"minecraft:calcite":2,"supplementaries:wild_flax":4,"minecraft:cobblestone":46,"minecraft:oak_planks":6,"minecraft:wall_torch":7,"minecraft:seagrass":6,"minecraft:birch_log":2,"farmersdelight:cutting_board":1,"born_in_chaos_v1:river_mint":12,"minecraft:oak_log":23,"minecraft:sand":58,"minecraft:dirt":32,"minecraft:polished_deepslate_wall":15,"minecraft:oak_leaves":92,"minecraft:tuff":26,"minecraft:deepslate_diamond_ore":24,"minecraft:bamboo_fence":2,"born_in_chaos_v1:nightmare_stalker_skull":1,"born_in_chaos_v1:infected_diamond_ore":9,"minecraft:bamboo_door":7,"minecraft:hay_block":3,"minecraft:furnace":2,"minecraft:carrots":1,"treechop:chopped_log":20,"supplementaries:gunpowder":1,"minecraft:peony":1,"minecraft:gold_block":1,"minecraft:bookshelf":5,"minecraft:deepslate_iron_ore":103,"minecraft:stone":209,"minecraft:scaffolding":28,"minecraft:flowering_azalea":1,"minecraft:oak_fence":1,"minecraft:crafting_table":7,"minecraft:sculk_sensor":19,"minecraft:lectern":160,"born_in_chaos_v1:chipped_black_argillite_brick":1,"minecraft:lapis_ore":4,"minecraft:sculk":698,"supplementaries:urn":19,"minecraft:spruce_stairs":2,"minecraft:gray_wool":6,"minecraft:sweet_berry_bush":7,"minecraft:coal_ore":175,"minecraft:small_dripleaf":1,"minecraft:mossy_stone_bricks":5},"minecraft:dropped":{"minecraft:iron_sword":1,"born_in_chaos_v1:mint_candy":4,"minecraft:glow_ink_sac":8,"born_in_chaos_v1:nightmare_mantleofthe_night_chestplate":1,"minecraft:diamond":1,"minecraft:saddle":1,"map_atlases:atlas":1,"born_in_chaos_v1:nightmare_claw":1,"minecraft:item_frame":1,"minecraft:gold_block":1,"minecraft:dirt":1,"minecraft:gold_nugget":16,"minecraft:bone_block":14,"minecraft:iron_pickaxe":1,"minecraft:fishing_rod":1,"minecraft:white_wool":8,"minecraft:bone":10,"minecraft:stone_axe":2,"minecraft:cooked_chicken":11,"alexsmobs:animal_dictionary":1,"minecraft:cobbled_deepslate":17,"minecraft:obsidian":1,"minecraft:rotten_flesh":33,"minecraft:oak_planks":15,"minecraft:white_bed":1,"minecraft:salmon":1,"supplementaries:flax_seeds":6,"minecraft:jungle_stairs":4,"minecraft:jungle_log":43,"improvableskills:scroll_normal":4,"minecraft:spruce_slab":1,"minecraft:egg":3,"minecraft:iron_ingot":26,"minecraft:wheat_seeds":63,"minecraft:feather":6,"born_in_chaos_v1:holiday_candy":14,"minecraft:iron_helmet":1,"minecraft:cobblestone":17,"minecraft:apple":9,"born_in_chaos_v1:charmof_endurance":2,"minecraft:coal":1,"minecraft:jungle_slab":3,"minecraft:paper":3,"minecraft:string":20,"born_in_chaos_v1:nightmare_scythe":2,"minecraft:creeper_head":1,"minecraft:stone_sword":2,"minecraft:stone_shovel":1,"born_in_chaos_v1:rotten_fish":2,"minecraft:clay_ball":2,"farmersdelight:straw":4,"minecraft:name_tag":1,"minecraft:pumpkin_seeds":11,"minecraft:potato":1,"minecraft:wooden_shovel":1,"minecraft:spider_eye":3,"born_in_chaos_v1:charmof_resistance":1,"minecraft:bow":1,"minecraft:diamond_axe":2,"minecraft:leather":5,"minecraft:jungle_planks":4,"minecraft:cod":6,"born_in_chaos_v1:monster_skin":10,"minecraft:mutton":2,"minecraft:gold_ingot":18,"minecraft:spyglass":1,"born_in_chaos_v1:ethereal_spirit":2,"minecraft:cooked_mutton":2,"minecraft:carrot":1,"supplementaries:ash":24,"minecraft:mangrove_log":3,"minecraft:gunpowder":10,"minecraft:skeleton_skull":1,"born_in_chaos_v1:corpse_maggot":4,"minecraft:azalea":1,"minecraft:arrow":118,"minecraft:bread":1,"minecraft:golden_helmet":1,"minecraft:cherry_log":2,"minecraft:grass_block":1,"minecraft:stick":20,"quark:blossom_log":2,"minecraft:torch":14,"minecraft:melon_slice":14,"minecraft:iron_leggings":4,"minecraft:tripwire_hook":1,"minecraft:raw_copper":8,"minecraft:raw_iron":90,"improvableskills:skills_book":1,"minecraft:shield":4,"minecraft:iron_chestplate":8,"born_in_chaos_v1:spiny_shell":9,"minecraft:golden_leggings":2,"minecraft:stone_pickaxe":1,"minecraft:wooden_pickaxe":1,"minecraft:nautilus_shell":1},"minecraft:picked_up":{"minecraft:wooden_axe":1,"minecraft:seagrass":9,"born_in_chaos_v1:charmof_stealth":2,"minecraft:iron_chestplate":10,"minecraft:creeper_head":1,"minecraft:anvil":1,"minecraft:polished_deepslate_wall":14,"minecraft:brewing_stand":1,"minecraft:golden_sword":1,"minecraft:amethyst_block":6,"farmersdelight:cutting_board":1,"minecraft:string":153,"minecraft:cooked_salmon":7,"minecraft:pufferfish":6,"minecraft:gold_nugget":25,"minecraft:cobbled_deepslate":104,"born_in_chaos_v1:charmof_power":2,"minecraft:enchanted_golden_apple":1,"minecraft:melon_slice":204,"minecraft:mangrove_log":12,"minecraft:golden_helmet":1,"born_in_chaos_v1:shattered_skull":7,"born_in_chaos_v1:pileof_dark_metal":3,"quark:blossom_log":6,"minecraft:cherry_log":6,"minecraft:bamboo_door":7,"alexsmobs:centipede_leg":1,"minecraft:cauldron":1,"minecraft:bamboo_block":19,"minecraft:stone_sword":2,"minecraft:honey_bottle":1,"minecraft:tropical_fish":3,"minecraft:carved_pumpkin":5,"supplementaries:ash":50,"minecraft:birch_log":39,"minecraft:magma_block":1,"minecraft:feather":29,"minecraft:cooked_beef":12,"born_in_chaos_v1:spiritual_dust":18,"minecraft:water_bucket":4,"minecraft:jungle_log":538,"minecraft:flint":1,"minecraft:disc_fragment_5":4,"born_in_chaos_v1:nightmare_stalker_skull":1,"minecraft:stripped_bamboo_block":11,"minecraft:glowstone_dust":4,"minecraft:moss_block":7,"born_in_chaos_v1:nightmare_mantleofthe_night_leggings":4,"minecraft:dark_oak_log":8,"alexsmobs:animal_dictionary":1,"minecraft:barrel":1,"born_in_chaos_v1:nightmare_scythe":8,"minecraft:bread":1,"born_in_chaos_v1:rotten_fish":46,"minecraft:diamond_pickaxe":7,"minecraft:crimson_roots":1,"minecraft:crafting_table":9,"minecraft:coarse_dirt":1,"minecraft:clay_ball":172,"born_in_chaos_v1:seedof_chaos":31,"born_in_chaos_v1:charmof_resistance":1,"minecraft:infested_cobblestone":80,"minecraft:jungle_trapdoor":1,"alexsmobs:cooked_catfish":2,"born_in_chaos_v1:intoxicating_decoction":2,"minecraft:cartography_table":1,"minecraft:beef":16,"born_in_chaos_v1:gnawed_bones":14,"minecraft:jungle_sapling":33,"minecraft:iron_nugget":14,"minecraft:spruce_slab":2,"supplementaries:rope":12,"minecraft:birch_sapling":1,"minecraft:diamond_hoe":1,"minecraft:egg":30,"born_in_chaos_v1:pieceofdarkmetal":160,"minecraft:carrot":10,"minecraft:redstone":5,"minecraft:stone_shovel":1,"minecraft:peony":1,"minecraft:shears":8,"minecraft:deepslate_bricks":3,"minecraft:hay_block":4,"minecraft:cracked_deepslate_bricks":1,"born_in_chaos_v1:spiny_shell":17,"minecraft:glow_berries":3,"minecraft:mutton":16,"minecraft:white_wool":22,"minecraft:bone_block":30,"born_in_chaos_v1:nightmare_mantleofthe_night_boots":5,"born_in_chaos_v1:monster_flesh":83,"born_in_chaos_v1:pumpkin_staff":7,"minecraft:tripwire_hook":5,"minecraft:jungle_fence":14,"minecraft:red_mushroom":6,"minecraft:oak_log":86,"minecraft:paper":28,"minecraft:white_banner":1,"born_in_chaos_v1:soul_cutlass":7,"minecraft:apple":22,"minecraft:kelp":6,"alexsmobs:cockroach_wing_fragment":1,"born_in_chaos_v1:smoked_flesh":209,"minecraft:stone_pickaxe":3,"minecraft:cobweb":6,"travelersbackpack:skeleton":7,"minecraft:glass_bottle":4,"minecraft:iron_sword":4,"minecraft:smooth_basalt":2,"minecraft:sweet_berries":54,"born_in_chaos_v1:orbofthe_summoner":3,"born_in_chaos_v1:ethereal_spirit":146,"minecraft:spyglass":7,"minecraft:gravel":3,"born_in_chaos_v1:fangofthe_hound_leader":8,"minecraft:spruce_log":12,"minecraft:leather_helmet":1,"minecraft:stone_axe":8,"minecraft:diamond_axe":1,"minecraft:gray_wool":6,"minecraft:baked_potato":1,"minecraft:ender_pearl":15,"minecraft:wheat":55,"minecraft:turtle_egg":2,"minecraft:potion":5,"born_in_chaos_v1:bloody_gadfly_eye":3,"born_in_chaos_v1:holiday_candy":28,"born_in_chaos_v1:black_argillite":1,"minecraft:raw_copper":12,"minecraft:iron_leggings":6,"born_in_chaos_v1:dark_upgrade":1,"minecraft:deepslate_tiles":7,"alexsmobs:banana":5,"minecraft:smooth_stone":3,"born_in_chaos_v1:nightmare_mantleofthe_night_helmet":5,"minecraft:calcite":2,"minecraft:azalea":3,"minecraft:wooden_shovel":1,"minecraft:iron_pickaxe":5,"born_in_chaos_v1:stimulating_decoction":6,"minecraft:iron_boots":3,"minecraft:furnace":2,"minecraft:stick":102,"minecraft:oak_fence":1,"born_in_chaos_v1:phantom_powder":4,"minecraft:torch":47,"minecraft:spruce_stairs":2,"minecraft:porkchop":15,"minecraft:pointed_dripstone":2,"minecraft:diorite":5,"born_in_chaos_v1:nightmare_claw":20,"supplementaries:flax":6,"minecraft:rotten_flesh":678,"minecraft:obsidian":5,"minecraft:cod":37,"minecraft:cobblestone":586,"minecraft:nautilus_shell":2,"minecraft:leather_chestplate":1,"minecraft:andesite":40,"minecraft:golden_leggings":3,"minecraft:potato":24,"map_atlases:atlas":2,"minecraft:tuff":14,"supplementaries:flax_seeds":13,"minecraft:horn_coral":2,"butchersdelight:goat_fur":1,"minecraft:lapis_lazuli":34,"minecraft:dirt":241,"born_in_chaos_v1:staffofthe_summoner":6,"minecraft:name_tag":5,"born_in_chaos_v1:monster_skin":141,"minecraft:leather_boots":1,"minecraft:bone":707,"minecraft:acacia_planks":1,"minecraft:bow":10,"minecraft:wheat_seeds":276,"minecraft:raw_gold":1,"minecraft:mossy_stone_bricks":5,"minecraft:bamboo":476,"minecraft:oak_planks":64,"minecraft:axolotl_bucket":2,"minecraft:poisonous_potato":1,"minecraft:sand":61,"minecraft:jungle_planks":88,"minecraft:grass_block":5,"minecraft:jungle_slab":30,"minecraft:mossy_cobblestone":4,"minecraft:jungle_leaves":50,"minecraft:spruce_fence_gate":1,"minecraft:diamond":78,"minecraft:crossbow":1,"minecraft:bone_meal":6,"minecraft:golden_apple":1,"minecraft:oak_sapling":41,"minecraft:fishing_rod":2,"born_in_chaos_v1:diamond_termite_shard":41,"minecraft:chicken":3,"born_in_chaos_v1:river_mint":13,"minecraft:brown_mushroom":4,"minecraft:wooden_pickaxe":1,"minecraft:gold_block":3,"minecraft:chain":7,"minecraft:shield":9,"minecraft:moss_carpet":6,"minecraft:iron_axe":2,"minecraft:item_frame":1,"improvableskills:scroll_normal":17,"farmersdelight:straw":8,"minecraft:lectern":160,"minecraft:sugar_cane":53,"minecraft:phantom_membrane":15,"minecraft:raw_iron":393,"minecraft:copper_ingot":4,"born_in_chaos_v1:charmof_endurance":2,"minecraft:dark_oak_planks":7,"travelersbackpack:sponge":2,"minecraft:arrow":542,"minecraft:jungle_stairs":30,"minecraft:saddle":1,"minecraft:skeleton_skull":3,"born_in_chaos_v1:fused_bone":20,"born_in_chaos_v1:corpse_maggot":147,"minecraft:jungle_boat":2,"minecraft:golden_carrot":3,"minecraft:glow_ink_sac":12,"minecraft:salmon":37,"minecraft:leather":12,"minecraft:crimson_fungus":1,"minecraft:gunpowder":149,"quark:forgotten_hat":8,"minecraft:cooked_mutton":35,"minecraft:iron_ingot":153,"minecraft:cooked_chicken":29,"minecraft:book":149,"minecraft:scaffolding":48,"minecraft:bamboo_fence":2,"minecraft:bamboo_planks":58,"minecraft:pumpkin":6,"born_in_chaos_v1:lifestealer_bone":16,"minecraft:dandelion":1,"minecraft:raw_iron_block":1,"minecraft:dripstone_block":12,"born_in_chaos_v1:nightmare_mantleofthe_night_chestplate":5,"born_in_chaos_v1:dark_rod":15,"minecraft:white_bed":2,"quark:oak_chest":1729,"minecraft:spider_eye":87,"minecraft:stripped_jungle_log":1,"minecraft:pumpkin_seeds":144,"minecraft:iron_helmet":4,"minecraft:black_wool":1,"minecraft:coal":253},"minecraft:custom":{"minecraft:interact_with_crafting_table":121,"minecraft:open_barrel":61,"minecraft:bell_ring":5,"minecraft:leave_game":18,"minecraft:time_since_death":856876,"minecraft:damage_blocked_by_shield":3950,"minecraft:play_time":1874669,"minecraft:deaths":16,"minecraft:jump":19771,"minecraft:interact_with_furnace":70,"minecraft:traded_with_villager":5,"minecraft:interact_with_cartography_table":4,"minecraft:sleep_in_bed":28,"minecraft:damage_dealt":218232,"minecraft:interact_with_smoker":35,"minecraft:horse_one_cm":118140,"minecraft:interact_with_smithing_table":2,"minecraft:interact_with_anvil":37,"minecraft:sneak_time":51840,"minecraft:interact_with_blast_furnace":36,"minecraft:total_world_time":1874669,"minecraft:time_since_rest":17115,"minecraft:swim_one_cm":358067,"minecraft:fly_one_cm":5278125,"minecraft:open_chest":515,"minecraft:fish_caught":45,"minecraft:fall_one_cm":918516,"minecraft:animals_bred":2,"minecraft:damage_resisted":1419,"minecraft:sprint_one_cm":3430163,"minecraft:drop":236,"minecraft:talked_to_villager":238,"minecraft:interact_with_brewingstand":3,"minecraft:walk_on_water_one_cm":420840,"minecraft:player_kills":1,"minecraft:crouch_one_cm":242941,"minecraft:mob_kills":1311,"minecraft:interact_with_campfire":12,"minecraft:damage_dealt_resisted":15885,"minecraft:climb_one_cm":70489,"minecraft:walk_one_cm":4358020,"minecraft:walk_under_water_one_cm":369590,"minecraft:boat_one_cm":86974,"minecraft:raid_trigger":1,"minecraft:pot_flower":1,"minecraft:damage_taken":24100},"minecraft:killed_by":{"born_in_chaos_v1:dire_hound_leader":1,"endofherobrine:cow":1,"minecraft:creeper":1,"born_in_chaos_v1:corpse_fly":2,"minecraft:skeleton":1,"born_in_chaos_v1:corpse_fish":1},"minecraft:crafted":{"minecraft:smooth_stone":9,"minecraft:melon":9,"minecraft:diamond_shovel":1,"quark:deepslate_furnace":2,"minecraft:cooked_mutton":4,"minecraft:glass":10,"born_in_chaos_v1:nightmare_mantleofthe_night_chestplate":1,"minecraft:melon_seeds":1,"minecraft:glass_bottle":3,"born_in_chaos_v1:mint_candy":8,"minecraft:cooked_porkchop":4,"minecraft:diamond_axe":1,"minecraft:hay_block":3,"travelersbackpack:skeleton":4,"minecraft:cartography_table":1,"minecraft:bamboo_planks":48,"quark:oak_chest":4,"born_in_chaos_v1:smoked_flesh":125,"minecraft:compass":1,"minecraft:iron_pickaxe":2,"minecraft:iron_block":3,"quark:jungle_chest":2,"minecraft:bone_meal":105,"map_atlases:atlas":1,"born_in_chaos_v1:spiny_shell_armor_helmet":1,"minecraft:diamond":2,"minecraft:spruce_stairs":4,"minecraft:stone_pickaxe":2,"minecraft:jungle_fence":33,"minecraft:dark_oak_planks":20,"minecraft:enchanting_table":1,"minecraft:bone":12,"minecraft:glowstone":1,"minecraft:enchanted_book":5,"minecraft:jungle_slab":84,"minecraft:wooden_axe":2,"minecraft:iron_leggings":1,"minecraft:white_bed":2,"minecraft:oak_planks":192,"minecraft:cooked_chicken":1,"minecraft:stone":9,"minecraft:bamboo_door":6,"born_in_chaos_v1:dark_metal_ingot":5,"minecraft:bamboo_block":40,"minecraft:bow":2,"minecraft:iron_boots":2,"improvableskills:skills_book":1,"minecraft:jungle_stairs":44,"born_in_chaos_v1:pileof_dark_metal":8,"minecraft:smoker":1,"minecraft:map":1,"minecraft:crafting_table":7,"minecraft:spruce_planks":8,"minecraft:wooden_pickaxe":1,"minecraft:iron_helmet":2,"supplementaries:rope":6,"minecraft:pumpkin_seeds":16,"farmersdelight:cutting_board":1,"born_in_chaos_v1:staffofthe_summoner":1,"minecraft:book":3,"minecraft:iron_chestplate":3,"minecraft:paper":33,"minecraft:diamond_pickaxe":1,"minecraft:shield":1,"minecraft:stick":88,"minecraft:iron_ingot":105,"minecraft:shears":3,"minecraft:raw_iron":9,"minecraft:fishing_rod":2,"born_in_chaos_v1:nightmare_mantleofthe_night_leggings":1,"born_in_chaos_v1:nightmare_mantleofthe_night_boots":1,"minecraft:bamboo_fence":9,"minecraft:furnace":5,"minecraft:blast_furnace":3,"minecraft:jungle_trapdoor":2,"minecraft:flint_and_steel":1,"minecraft:scaffolding":36,"born_in_chaos_v1:bone_handle":3,"minecraft:iron_axe":4,"minecraft:sugar":8,"born_in_chaos_v1:nightmare_scythe":1,"minecraft:iron_sword":1,"minecraft:cooked_salmon":2,"minecraft:bucket":1,"minecraft:stone_axe":6,"born_in_chaos_v1:bone_heart":2,"minecraft:bread":12,"minecraft:air":0,"minecraft:jungle_planks":376,"minecraft:anvil":1,"minecraft:torch":60},"minecraft:used":{"minecraft:peony":1,"minecraft:moss_block":1,"minecraft:writable_book":1,"minecraft:spruce_slab":11,"minecraft:stone":16,"born_in_chaos_v1:nightmare_mantleofthe_night_chestplate":4,"minecraft:rotten_flesh":40,"minecraft:jungle_slab":198,"born_in_chaos_v1:soul_cutlass":445,"minecraft:stripped_spruce_log":8,"minecraft:jungle_sapling":41,"born_in_chaos_v1:smoked_flesh":134,"minecraft:jungle_fence_gate":4,"minecraft:grass_block":2,"minecraft:birch_sapling":1,"born_in_chaos_v1:mint_candy":4,"minecraft:bow":62,"minecraft:sweet_berries":55,"minecraft:furnace":5,"minecraft:oak_sapling":12,"minecraft:egg":16,"minecraft:potato":22,"born_in_chaos_v1:nightmare_mantleofthe_night_boots":5,"born_in_chaos_v1:spiny_shell_armor_helmet":1,"minecraft:diorite":2,"minecraft:wooden_pickaxe":59,"minecraft:jungle_boat":2,"minecraft:glow_berries":12,"minecraft:sand":16,"minecraft:blast_furnace":5,"born_in_chaos_v1:holiday_candy":14,"minecraft:pumpkin_seeds":4,"minecraft:deepslate_tiles":3,"minecraft:stripped_bamboo_block":7,"minecraft:birch_slab":2,"minecraft:stone_button":2,"minecraft:lectern":212,"minecraft:smithing_table":1,"minecraft:birch_log":2,"minecraft:oak_trapdoor":1,"travelersbackpack:skeleton":17,"minecraft:enchanting_table":1,"minecraft:carved_pumpkin":4,"born_in_chaos_v1:ethereal_spirit":38,"minecraft:cooked_salmon":2,"minecraft:torch":75,"minecraft:brewing_stand":1,"minecraft:anvil":3,"minecraft:jungle_trapdoor":17,"minecraft:oak_fence_gate":15,"minecraft:flowering_azalea":1,"minecraft:bamboo_fence":5,"minecraft:iron_axe":385,"minecraft:polished_deepslate_wall":14,"minecraft:jungle_log":247,"born_in_chaos_v1:nightmare_mantleofthe_night_leggings":6,"born_in_chaos_v1:nightmare_scythe":1154,"minecraft:melon_seeds":1,"minecraft:smooth_basalt":2,"minecraft:bamboo":37,"minecraft:tripwire_hook":4,"minecraft:gunpowder":1,"minecraft:glowstone":1,"minecraft:beef":13,"farmersdelight:cooking_pot":1,"minecraft:cobbled_deepslate":63,"minecraft:cherry_log":1,"minecraft:pointed_dripstone":1,"quark:blossom_log":4,"minecraft:wheat_seeds":38,"alexsmobs:cooked_catfish":2,"minecraft:water_bucket":12,"minecraft:cartography_table":2,"quark:forgotten_hat":1,"minecraft:cauldron":2,"minecraft:leather_boots":1,"minecraft:spruce_fence_gate":9,"minecraft:deepslate_bricks":3,"minecraft:salmon":35,"minecraft:vine":10,"minecraft:oak_slab":16,"minecraft:crafting_table":17,"minecraft:campfire":1,"minecraft:white_bed":3,"minecraft:cod":38,"minecraft:spruce_log":10,"minecraft:bamboo_fence_gate":18,"minecraft:oak_log":21,"minecraft:diamond_pickaxe":458,"minecraft:diamond_shovel":91,"minecraft:stripped_jungle_log":17,"minecraft:iron_pickaxe":333,"minecraft:spruce_pressure_plate":1,"born_in_chaos_v1:staffofthe_summoner":174,"minecraft:leather_helmet":1,"minecraft:spruce_trapdoor":9,"minecraft:bamboo_slab":47,"minecraft:cobblestone":134,"minecraft:potion":1,"minecraft:cooked_porkchop":2,"minecraft:porkchop":6,"quark:oak_chest":10,"minecraft:stripped_oak_log":1,"minecraft:moss_carpet":4,"minecraft:melon":59,"minecraft:diamond_hoe":828,"minecraft:bone_block":2,"minecraft:shield":165,"butchersdelight:hook":2,"minecraft:iron_sword":409,"minecraft:iron_chestplate":7,"minecraft:mutton":1,"minecraft:jungle_planks":295,"minecraft:carrot":28,"minecraft:tuff":13,"minecraft:axolotl_bucket":6,"minecraft:obsidian":3,"born_in_chaos_v1:corpse_maggot":129,"minecraft:mangrove_log":8,"minecraft:lantern":8,"minecraft:iron_helmet":3,"minecraft:golden_sword":34,"farmersdelight:cutting_board":3,"minecraft:magma_block":1,"minecraft:horn_coral":1,"minecraft:hay_block":5,"minecraft:scaffolding":75,"minecraft:stone_pickaxe":161,"minecraft:jungle_fence":13,"minecraft:oak_planks":31,"quark:mud_brick_vertical_slab":1,"minecraft:diamond_axe":804,"minecraft:blue_bed":1,"minecraft:bamboo_stairs":36,"minecraft:white_wool":4,"minecraft:dripstone_block":4,"minecraft:shears":54,"minecraft:melon_slice":46,"minecraft:dark_oak_log":6,"minecraft:bread":16,"minecraft:string":40,"born_in_chaos_v1:smoked_monster_flesh":20,"minecraft:gravel":3,"born_in_chaos_v1:rotten_fish":6,"born_in_chaos_v1:river_mint":1,"minecraft:andesite":39,"minecraft:chain":6,"minecraft:coarse_dirt":1,"minecraft:bone_meal":124,"minecraft:cobweb":6,"minecraft:experience_bottle":3,"minecraft:azalea":1,"minecraft:oak_fence":3,"minecraft:jungle_leaves":73,"minecraft:redstone":4,"minecraft:tropical_fish":3,"minecraft:flint_and_steel":2,"minecraft:cracked_deepslate_bricks":1,"quark:jungle_chest":2,"born_in_chaos_v1:black_argillite":1,"minecraft:cooked_chicken":19,"minecraft:bamboo_door":11,"minecraft:dirt":163,"minecraft:spyglass":70,"minecraft:spruce_stairs":45,"minecraft:cobblestone_wall":6,"quark:stripped_bamboo_post":12,"minecraft:dark_oak_planks":1,"minecraft:wooden_axe":89,"born_in_chaos_v1:nightmare_mantleofthe_night_helmet":8,"minecraft:oak_stairs":21,"minecraft:iron_boots":2,"quark:hollow_jungle_log":28,"minecraft:golden_carrot":5,"travelersbackpack:sponge":4,"alexsmobs:banana":5,"minecraft:infested_cobblestone":56,"minecraft:cooked_beef":12,"minecraft:mossy_stone_brick_wall":3,"minecraft:pumpkin":2,"minecraft:bamboo_planks":57,"minecraft:iron_leggings":1,"minecraft:cooked_mutton":30,"minecraft:amethyst_block":6,"minecraft:glass_bottle":1,"minecraft:baked_potato":1,"minecraft:cobblestone_slab":10,"minecraft:warped_roots":1,"minecraft:bamboo_block":180,"minecraft:smoker":3,"quark:stripped_spruce_post":2,"minecraft:apple":12,"minecraft:map":1,"minecraft:jungle_stairs":291,"minecraft:stone_axe":555,"minecraft:fishing_rod":76,"minecraft:mud_brick_wall":3,"minecraft:bucket":19,"alexsmobs:animal_dictionary":1,"butchersdelight:rack":2,"minecraft:gray_wool":6,"minecraft:splash_potion":6,"minecraft:birch_stairs":9},"minecraft:broken":{"minecraft:iron_chestplate":1,"minecraft:iron_leggings":1,"minecraft:iron_sword":3,"minecraft:bow":1,"minecraft:leather_helmet":1,"minecraft:wooden_pickaxe":1,"minecraft:shield":1,"minecraft:iron_axe":2,"minecraft:iron_pickaxe":1,"minecraft:golden_leggings":1,"minecraft:stone_pickaxe":1,"minecraft:stone_axe":7,"minecraft:wooden_axe":2}},"DataVersion":3465}